file,error
/Users/edward/Documents/GitHub/als-project/filtered/data/VOC-ALS/ALS/A/voiced/PZ079_phonationA_OnlyVoiced.wav,index 0 is out of bounds for axis 0 with size 0
/Users/edward/Documents/GitHub/als-project/filtered/data/VOC-ALS/ALS/A/voiced/PZ112_phonationA_OnlyVoiced.wav,"To analyse this Sound, “minimum pitch” must not be less than 1000 Hz.
Sound ""untitled"": pitch analysis not performed."
/Users/edward/Documents/GitHub/als-project/filtered/data/VOC-ALS/ALS/A/voiced/PZ097_phonationA_OnlyVoiced.wav,index 0 is out of bounds for axis 0 with size 0
/Users/edward/Documents/GitHub/als-project/filtered/data/VOC-ALS/ALS/A/voiced/PZ010_phonationA_OnlyVoiced.wav,"To analyse this Sound, “minimum pitch” must not be less than 1000 Hz.
Sound ""untitled"": pitch analysis not performed."
/Users/edward/Documents/GitHub/als-project/filtered/data/VOC-ALS/ALS/A/voiced/PZ051_phonationA_OnlyVoiced.wav,"To analyse this Sound, “minimum pitch” must not be less than 1000 Hz.
Sound ""untitled"": pitch analysis not performed."
/Users/edward/Documents/GitHub/als-project/filtered/data/VOC-ALS/ALS/E/voiced/PZ062_phonationE_OnlyVoiced.wav,"To analyse this Sound, “minimum pitch” must not be less than 1000 Hz.
Sound ""untitled"": pitch analysis not performed."
/Users/edward/Documents/GitHub/als-project/filtered/data/VOC-ALS/ALS/E/voiced/PZ092_phonationE_OnlyVoiced.wav,"To analyse this Sound, “minimum pitch” must not be less than 1000 Hz.
Sound ""untitled"": pitch analysis not performed."
/Users/edward/Documents/GitHub/als-project/filtered/data/VOC-ALS/ALS/E/voiced/PZ001_phonationE_OnlyVoiced.wav,"To analyse this Sound, “minimum pitch” must not be less than 1000 Hz.
Sound ""untitled"": pitch analysis not performed."
/Users/edward/Documents/GitHub/als-project/filtered/data/VOC-ALS/ALS/E/voiced/PZ014_phonationE_OnlyVoiced.wav,"To analyse this Sound, “minimum pitch” must not be less than 1000 Hz.
Sound ""untitled"": pitch analysis not performed."
/Users/edward/Documents/GitHub/als-project/filtered/data/VOC-ALS/ALS/E/voiced/PZ103_phonationE_OnlyVoiced.wav,"To analyse this Sound, “minimum pitch” must not be less than 1000 Hz.
Sound ""untitled"": pitch analysis not performed."
/Users/edward/Documents/GitHub/als-project/filtered/data/VOC-ALS/ALS/E/voiced/PZ063_phonationE_OnlyVoiced.wav,"To analyse this Sound, “minimum pitch” must not be less than 1000 Hz.
Sound ""untitled"": pitch analysis not performed."
/Users/edward/Documents/GitHub/als-project/filtered/data/VOC-ALS/ALS/E/voiced/PZ094_phonationE_OnlyVoiced.wav,"To analyse this Sound, “minimum pitch” must not be less than 1000 Hz.
Sound ""untitled"": pitch analysis not performed."
/Users/edward/Documents/GitHub/als-project/filtered/data/VOC-ALS/ALS/E/voiced/PZ066_phonationE_OnlyVoiced.wav,"To analyse this Sound, “minimum pitch” must not be less than 1000 Hz.
Sound ""untitled"": pitch analysis not performed."
/Users/edward/Documents/GitHub/als-project/filtered/data/VOC-ALS/ALS/E/voiced/PZ091_phonationE_OnlyVoiced.wav,"To analyse this Sound, “minimum pitch” must not be less than 1000 Hz.
Sound ""untitled"": pitch analysis not performed."
/Users/edward/Documents/GitHub/als-project/filtered/data/VOC-ALS/ALS/E/voiced/PZ003_phonationE_OnlyVoiced.wav,index 0 is out of bounds for axis 0 with size 0
/Users/edward/Documents/GitHub/als-project/filtered/data/VOC-ALS/ALS/E/voiced/PZ097_phonationE_OnlyVoiced.wav,"To analyse this Sound, “minimum pitch” must not be less than 1000 Hz.
Sound ""untitled"": pitch analysis not performed."
/Users/edward/Documents/GitHub/als-project/filtered/data/VOC-ALS/ALS/E/voiced/PZ011_phonationE_OnlyVoiced.wav,"Command requires more than the given 2 arguments: no value for argument ""Subtract mean"".
"
/Users/edward/Documents/GitHub/als-project/filtered/data/VOC-ALS/ALS/E/voiced/PZ112_phonationE_OnlyVoiced.wav,"To analyse this Sound, “minimum pitch” must not be less than 1000 Hz.
Sound ""untitled"": pitch analysis not performed."
/Users/edward/Documents/GitHub/als-project/filtered/data/VOC-ALS/ALS/E/voiced/PZ025_phonationE_OnlyVoiced.wav,"To analyse this Sound, “minimum pitch” must not be less than 1000 Hz.
Sound ""untitled"": pitch analysis not performed."
/Users/edward/Documents/GitHub/als-project/filtered/data/VOC-ALS/ALS/E/voiced/PZ052_phonationE_OnlyVoiced.wav,index 0 is out of bounds for axis 0 with size 0
/Users/edward/Documents/GitHub/als-project/filtered/data/VOC-ALS/ALS/E/voiced/PZ045_phonationE_OnlyVoiced.wav,"To analyse this Sound, “minimum pitch” must not be less than 1000 Hz.
Sound ""untitled"": pitch analysis not performed."
/Users/edward/Documents/GitHub/als-project/filtered/data/VOC-ALS/ALS/E/voiced/PZ051_phonationE_OnlyVoiced.wav,"To analyse this Sound, “minimum pitch” must not be less than 1000 Hz.
Sound ""untitled"": pitch analysis not performed."
/Users/edward/Documents/GitHub/als-project/filtered/data/VOC-ALS/ALS/I/voiced/PZ056_phonationI_OnlyVoiced.wav,"Command requires more than the given 2 arguments: no value for argument ""Subtract mean"".
"
/Users/edward/Documents/GitHub/als-project/filtered/data/VOC-ALS/ALS/I/voiced/PZ059_phonationI_OnlyVoiced.wav,"To analyse this Sound, “minimum pitch” must not be less than 1000 Hz.
Sound ""untitled"": pitch analysis not performed."
/Users/edward/Documents/GitHub/als-project/filtered/data/VOC-ALS/ALS/I/voiced/PZ050_phonationI_OnlyVoiced.wav,"To analyse this Sound, “minimum pitch” must not be less than 1000 Hz.
Sound ""untitled"": pitch analysis not performed."
/Users/edward/Documents/GitHub/als-project/filtered/data/VOC-ALS/ALS/I/voiced/PZ045_phonationI_OnlyVoiced.wav,"To analyse this Sound, “minimum pitch” must not be less than 1000 Hz.
Sound ""untitled"": pitch analysis not performed."
/Users/edward/Documents/GitHub/als-project/filtered/data/VOC-ALS/ALS/I/voiced/PZ034_phonationI_OnlyVoiced.wav,index 0 is out of bounds for axis 0 with size 0
/Users/edward/Documents/GitHub/als-project/filtered/data/VOC-ALS/ALS/I/voiced/PZ058_phonationI_OnlyVoiced.wav,"To analyse this Sound, “minimum pitch” must not be less than 1000 Hz.
Sound ""untitled"": pitch analysis not performed."
/Users/edward/Documents/GitHub/als-project/filtered/data/VOC-ALS/ALS/I/voiced/PZ057_phonationI_OnlyVoiced.wav,"To analyse this Sound, “minimum pitch” must not be less than 1000 Hz.
Sound ""untitled"": pitch analysis not performed."
/Users/edward/Documents/GitHub/als-project/filtered/data/VOC-ALS/ALS/I/voiced/PZ033_phonationI_OnlyVoiced.wav,"To analyse this Sound, “minimum pitch” must not be less than 1000 Hz.
Sound ""untitled"": pitch analysis not performed."
/Users/edward/Documents/GitHub/als-project/filtered/data/VOC-ALS/ALS/I/voiced/PZ055_phonationI_OnlyVoiced.wav,"Command requires more than the given 2 arguments: no value for argument ""Subtract mean"".
"
/Users/edward/Documents/GitHub/als-project/filtered/data/VOC-ALS/ALS/I/voiced/PZ048_phonationI_OnlyVoiced.wav,"To analyse this Sound, “minimum pitch” must not be less than 1000 Hz.
Sound ""untitled"": pitch analysis not performed."
/Users/edward/Documents/GitHub/als-project/filtered/data/VOC-ALS/ALS/I/voiced/PZ039_phonationI_OnlyVoiced.wav,"To analyse this Sound, “minimum pitch” must not be less than 1000 Hz.
Sound ""untitled"": pitch analysis not performed."
/Users/edward/Documents/GitHub/als-project/filtered/data/VOC-ALS/ALS/I/voiced/PZ052_phonationI_OnlyVoiced.wav,"To analyse this Sound, “minimum pitch” must not be less than 1000 Hz.
Sound ""untitled"": pitch analysis not performed."
/Users/edward/Documents/GitHub/als-project/filtered/data/VOC-ALS/ALS/I/voiced/PZ022_phonationI_OnlyVoiced.wav,index 0 is out of bounds for axis 0 with size 0
/Users/edward/Documents/GitHub/als-project/filtered/data/VOC-ALS/ALS/I/voiced/PZ097_phonationI_OnlyVoiced.wav,"To analyse this Sound, “minimum pitch” must not be less than 1000 Hz.
Sound ""untitled"": pitch analysis not performed."
/Users/edward/Documents/GitHub/als-project/filtered/data/VOC-ALS/ALS/I/voiced/PZ011_phonationI_OnlyVoiced.wav,"To analyse this Sound, “minimum pitch” must not be less than 1000 Hz.
Sound ""untitled"": pitch analysis not performed."
/Users/edward/Documents/GitHub/als-project/filtered/data/VOC-ALS/ALS/I/voiced/PZ112_phonationI_OnlyVoiced.wav,"To analyse this Sound, “minimum pitch” must not be less than 1000 Hz.
Sound ""untitled"": pitch analysis not performed."
/Users/edward/Documents/GitHub/als-project/filtered/data/VOC-ALS/ALS/I/voiced/PZ115_phonationI_OnlyVoiced.wav,index 0 is out of bounds for axis 0 with size 0
/Users/edward/Documents/GitHub/als-project/filtered/data/VOC-ALS/ALS/I/voiced/PZ016_phonationI_OnlyVoiced.wav,"To analyse this Sound, “minimum pitch” must not be less than 1000 Hz.
Sound ""untitled"": pitch analysis not performed."
/Users/edward/Documents/GitHub/als-project/filtered/data/VOC-ALS/ALS/I/voiced/PZ003_phonationI_OnlyVoiced.wav,index 0 is out of bounds for axis 0 with size 0
/Users/edward/Documents/GitHub/als-project/filtered/data/VOC-ALS/ALS/I/voiced/PZ017_phonationI_OnlyVoiced.wav,"Input X contains NaN.
PCA does not accept missing values encoded as NaN natively. For supervised learning, you might want to consider sklearn.ensemble.HistGradientBoostingClassifier and Regressor which accept missing values encoded as NaNs natively. Alternatively, it is possible to preprocess the data, for instance by using an imputer transformer in a pipeline or drop samples with missing values. See https://scikit-learn.org/stable/modules/impute.html You can find a list of all estimators that handle NaN values at the following page: https://scikit-learn.org/stable/modules/impute.html#estimators-that-handle-nan-values"
/Users/edward/Documents/GitHub/als-project/filtered/data/VOC-ALS/ALS/I/voiced/PZ114_phonationI_OnlyVoiced.wav,"To analyse this Sound, “minimum pitch” must not be less than 1000 Hz.
Sound ""untitled"": pitch analysis not performed."
/Users/edward/Documents/GitHub/als-project/filtered/data/VOC-ALS/ALS/I/voiced/PZ066_phonationI_OnlyVoiced.wav,"To analyse this Sound, “minimum pitch” must not be less than 1000 Hz.
Sound ""untitled"": pitch analysis not performed."
/Users/edward/Documents/GitHub/als-project/filtered/data/VOC-ALS/ALS/I/voiced/PZ073_phonationI_OnlyVoiced.wav,"Command requires more than the given 2 arguments: no value for argument ""Subtract mean"".
"
/Users/edward/Documents/GitHub/als-project/filtered/data/VOC-ALS/ALS/I/voiced/PZ091_phonationI_OnlyVoiced.wav,"To analyse this Sound, “minimum pitch” must not be less than 1000 Hz.
Sound ""untitled"": pitch analysis not performed."
/Users/edward/Documents/GitHub/als-project/filtered/data/VOC-ALS/ALS/I/voiced/PZ010_phonationI_OnlyVoiced.wav,"To analyse this Sound, “minimum pitch” must not be less than 1000 Hz.
Sound ""untitled"": pitch analysis not performed."
/Users/edward/Documents/GitHub/als-project/filtered/data/VOC-ALS/ALS/I/voiced/PZ061_phonationI_OnlyVoiced.wav,"To analyse this Sound, “minimum pitch” must not be less than 1000 Hz.
Sound ""untitled"": pitch analysis not performed."
/Users/edward/Documents/GitHub/als-project/filtered/data/VOC-ALS/ALS/I/voiced/PZ096_phonationI_OnlyVoiced.wav,"To analyse this Sound, “minimum pitch” must not be less than 1000 Hz.
Sound ""untitled"": pitch analysis not performed."
/Users/edward/Documents/GitHub/als-project/filtered/data/VOC-ALS/ALS/I/voiced/PZ089_phonationI_OnlyVoiced.wav,"To analyse this Sound, “minimum pitch” must not be less than 1000 Hz.
Sound ""untitled"": pitch analysis not performed."
/Users/edward/Documents/GitHub/als-project/filtered/data/VOC-ALS/ALS/I/voiced/PZ104_phonationI_OnlyVoiced.wav,"To analyse this Sound, “minimum pitch” must not be less than 1000 Hz.
Sound ""untitled"": pitch analysis not performed."
/Users/edward/Documents/GitHub/als-project/filtered/data/VOC-ALS/ALS/I/voiced/PZ094_phonationI_OnlyVoiced.wav,"To analyse this Sound, “minimum pitch” must not be less than 1000 Hz.
Sound ""untitled"": pitch analysis not performed."
/Users/edward/Documents/GitHub/als-project/filtered/data/VOC-ALS/ALS/I/voiced/PZ071_phonationI_OnlyVoiced.wav,"To analyse this Sound, “minimum pitch” must not be less than 1000 Hz.
Sound ""untitled"": pitch analysis not performed."
/Users/edward/Documents/GitHub/als-project/filtered/data/VOC-ALS/ALS/I/voiced/PZ103_phonationI_OnlyVoiced.wav,"To analyse this Sound, “minimum pitch” must not be less than 1000 Hz.
Sound ""untitled"": pitch analysis not performed."
/Users/edward/Documents/GitHub/als-project/filtered/data/VOC-ALS/ALS/I/voiced/PZ008_phonationI_OnlyVoiced.wav,"To analyse this Sound, “minimum pitch” must not be less than 1000 Hz.
Sound ""untitled"": pitch analysis not performed."
/Users/edward/Documents/GitHub/als-project/filtered/data/VOC-ALS/ALS/I/voiced/PZ070_phonationI_OnlyVoiced.wav,"Input X contains NaN.
PCA does not accept missing values encoded as NaN natively. For supervised learning, you might want to consider sklearn.ensemble.HistGradientBoostingClassifier and Regressor which accept missing values encoded as NaNs natively. Alternatively, it is possible to preprocess the data, for instance by using an imputer transformer in a pipeline or drop samples with missing values. See https://scikit-learn.org/stable/modules/impute.html You can find a list of all estimators that handle NaN values at the following page: https://scikit-learn.org/stable/modules/impute.html#estimators-that-handle-nan-values"
/Users/edward/Documents/GitHub/als-project/filtered/data/VOC-ALS/ALS/I/voiced/PZ065_phonationI_OnlyVoiced.wav,"To analyse this Sound, “minimum pitch” must not be less than 1000 Hz.
Sound ""untitled"": pitch analysis not performed."
/Users/edward/Documents/GitHub/als-project/filtered/data/VOC-ALS/ALS/I/voiced/PZ014_phonationI_OnlyVoiced.wav,"To analyse this Sound, “minimum pitch” must not be less than 1000 Hz.
Sound ""untitled"": pitch analysis not performed."
/Users/edward/Documents/GitHub/als-project/filtered/data/VOC-ALS/ALS/I/voiced/PZ001_phonationI_OnlyVoiced.wav,"To analyse this Sound, “minimum pitch” must not be less than 1000 Hz.
Sound ""untitled"": pitch analysis not performed."
/Users/edward/Documents/GitHub/als-project/filtered/data/VOC-ALS/ALS/I/voiced/PZ102_phonationI_OnlyVoiced.wav,"To analyse this Sound, “minimum pitch” must not be less than 1000 Hz.
Sound ""untitled"": pitch analysis not performed."
/Users/edward/Documents/GitHub/als-project/filtered/data/VOC-ALS/ALS/I/voiced/PZ095_phonationI_OnlyVoiced.wav,"Command requires more than the given 2 arguments: no value for argument ""Subtract mean"".
"
/Users/edward/Documents/GitHub/als-project/filtered/data/VOC-ALS/ALS/I/voiced/PZ080_phonationI_OnlyVoiced.wav,"To analyse this Sound, “minimum pitch” must not be less than 1000 Hz.
Sound ""untitled"": pitch analysis not performed."
/Users/edward/Documents/GitHub/als-project/filtered/data/VOC-ALS/ALS/I/voiced/PZ062_phonationI_OnlyVoiced.wav,"To analyse this Sound, “minimum pitch” must not be less than 1000 Hz.
Sound ""untitled"": pitch analysis not performed."
/Users/edward/Documents/GitHub/als-project/filtered/data/VOC-ALS/ALS/I/voiced/PZ105_phonationI_OnlyVoiced.wav,"Command requires more than the given 2 arguments: no value for argument ""Subtract mean"".
"
/Users/edward/Documents/GitHub/als-project/filtered/data/VOC-ALS/ALS/I/voiced/PZ088_phonationI_OnlyVoiced.wav,index 0 is out of bounds for axis 0 with size 0
/Users/edward/Documents/GitHub/als-project/filtered/data/VOC-ALS/ALS/I/voiced/PZ006_phonationI_OnlyVoiced.wav,index 0 is out of bounds for axis 0 with size 0
/Users/edward/Documents/GitHub/als-project/filtered/data/VOC-ALS/ALS/O/voiced/PZ079_phonationO_OnlyVoiced.wav,"To analyse this Sound, “minimum pitch” must not be less than 1000 Hz.
Sound ""untitled"": pitch analysis not performed."
/Users/edward/Documents/GitHub/als-project/filtered/data/VOC-ALS/ALS/U/voiced/PZ079_phonationU_OnlyVoiced.wav,"Command requires more than the given 2 arguments: no value for argument ""Subtract mean"".
"
/Users/edward/Documents/GitHub/als-project/filtered/data/VOC-ALS/HC/A/voiced/CT010_phonationA_OnlyVoiced.wav,"Input X contains NaN.
PCA does not accept missing values encoded as NaN natively. For supervised learning, you might want to consider sklearn.ensemble.HistGradientBoostingClassifier and Regressor which accept missing values encoded as NaNs natively. Alternatively, it is possible to preprocess the data, for instance by using an imputer transformer in a pipeline or drop samples with missing values. See https://scikit-learn.org/stable/modules/impute.html You can find a list of all estimators that handle NaN values at the following page: https://scikit-learn.org/stable/modules/impute.html#estimators-that-handle-nan-values"
/Users/edward/Documents/GitHub/als-project/filtered/data/VOC-ALS/HC/A/voiced/CT028_phonationA_OnlyVoiced.wav,index 0 is out of bounds for axis 0 with size 0
/Users/edward/Documents/GitHub/als-project/filtered/data/VOC-ALS/HC/E/voiced/CT001_phonationE_OnlyVoiced.wav,"To analyse this Sound, “minimum pitch” must not be less than 1000 Hz.
Sound ""untitled"": pitch analysis not performed."
/Users/edward/Documents/GitHub/als-project/filtered/data/VOC-ALS/HC/E/voiced/CT063_phonationE_OnlyVoiced.wav,"To analyse this Sound, “minimum pitch” must not be less than 1000 Hz.
Sound ""untitled"": pitch analysis not performed."
/Users/edward/Documents/GitHub/als-project/filtered/data/VOC-ALS/HC/E/voiced/CT054_phonationE_OnlyVoiced.wav,index 0 is out of bounds for axis 0 with size 0
/Users/edward/Documents/GitHub/als-project/filtered/data/VOC-ALS/HC/E/voiced/CT041_phonationE_OnlyVoiced.wav,"To analyse this Sound, “minimum pitch” must not be less than 1000 Hz.
Sound ""untitled"": pitch analysis not performed."
/Users/edward/Documents/GitHub/als-project/filtered/data/VOC-ALS/HC/E/voiced/CT022_phonationE_OnlyVoiced.wav,"To analyse this Sound, “minimum pitch” must not be less than 1000 Hz.
Sound ""untitled"": pitch analysis not performed."
/Users/edward/Documents/GitHub/als-project/filtered/data/VOC-ALS/HC/E/voiced/CT037_phonationE_OnlyVoiced.wav,index 0 is out of bounds for axis 0 with size 0
/Users/edward/Documents/GitHub/als-project/filtered/data/VOC-ALS/HC/E/voiced/CT039_phonationE_OnlyVoiced.wav,"To analyse this Sound, “minimum pitch” must not be less than 1000 Hz.
Sound ""untitled"": pitch analysis not performed."
/Users/edward/Documents/GitHub/als-project/filtered/data/VOC-ALS/HC/E/voiced/CT021_phonationE_OnlyVoiced.wav,"To analyse this Sound, “minimum pitch” must not be less than 1000 Hz.
Sound ""untitled"": pitch analysis not performed."
/Users/edward/Documents/GitHub/als-project/filtered/data/VOC-ALS/HC/E/voiced/CT050_phonationE_OnlyVoiced.wav,"To analyse this Sound, “minimum pitch” must not be less than 1000 Hz.
Sound ""untitled"": pitch analysis not performed."
/Users/edward/Documents/GitHub/als-project/filtered/data/VOC-ALS/HC/E/voiced/CT044_phonationE_OnlyVoiced.wav,"Command requires more than the given 2 arguments: no value for argument ""Subtract mean"".
"
/Users/edward/Documents/GitHub/als-project/filtered/data/VOC-ALS/HC/E/voiced/CT043_phonationE_OnlyVoiced.wav,"To analyse this Sound, “minimum pitch” must not be less than 1000 Hz.
Sound ""untitled"": pitch analysis not performed."
/Users/edward/Documents/GitHub/als-project/filtered/data/VOC-ALS/HC/I/voiced/CT027_phonationI_OnlyVoiced.wav,"To analyse this Sound, “minimum pitch” must not be less than 1000 Hz.
Sound ""untitled"": pitch analysis not performed."
/Users/edward/Documents/GitHub/als-project/filtered/data/VOC-ALS/HC/I/voiced/CT043_phonationI_OnlyVoiced.wav,"To analyse this Sound, “minimum pitch” must not be less than 1000 Hz.
Sound ""untitled"": pitch analysis not performed."
/Users/edward/Documents/GitHub/als-project/filtered/data/VOC-ALS/HC/I/voiced/CT056_phonationI_OnlyVoiced.wav,"To analyse this Sound, “minimum pitch” must not be less than 1000 Hz.
Sound ""untitled"": pitch analysis not performed."
/Users/edward/Documents/GitHub/als-project/filtered/data/VOC-ALS/HC/I/voiced/CT035_phonationI_OnlyVoiced.wav,"To analyse this Sound, “minimum pitch” must not be less than 1000 Hz.
Sound ""untitled"": pitch analysis not performed."
/Users/edward/Documents/GitHub/als-project/filtered/data/VOC-ALS/HC/I/voiced/CT020_phonationI_OnlyVoiced.wav,"To analyse this Sound, “minimum pitch” must not be less than 1000 Hz.
Sound ""untitled"": pitch analysis not performed."
/Users/edward/Documents/GitHub/als-project/filtered/data/VOC-ALS/HC/I/voiced/CT051_phonationI_OnlyVoiced.wav,index 0 is out of bounds for axis 0 with size 0
/Users/edward/Documents/GitHub/als-project/filtered/data/VOC-ALS/HC/I/voiced/CT044_phonationI_OnlyVoiced.wav,"To analyse this Sound, “minimum pitch” must not be less than 1000 Hz.
Sound ""untitled"": pitch analysis not performed."
/Users/edward/Documents/GitHub/als-project/filtered/data/VOC-ALS/HC/I/voiced/CT021_phonationI_OnlyVoiced.wav,"To analyse this Sound, “minimum pitch” must not be less than 1000 Hz.
Sound ""untitled"": pitch analysis not performed."
/Users/edward/Documents/GitHub/als-project/filtered/data/VOC-ALS/HC/I/voiced/CT045_phonationI_OnlyVoiced.wav,"To analyse this Sound, “minimum pitch” must not be less than 1000 Hz.
Sound ""untitled"": pitch analysis not performed."
/Users/edward/Documents/GitHub/als-project/filtered/data/VOC-ALS/HC/I/voiced/CT050_phonationI_OnlyVoiced.wav,"To analyse this Sound, “minimum pitch” must not be less than 1000 Hz.
Sound ""untitled"": pitch analysis not performed."
/Users/edward/Documents/GitHub/als-project/filtered/data/VOC-ALS/HC/I/voiced/CT058_phonationI_OnlyVoiced.wav,"To analyse this Sound, “minimum pitch” must not be less than 1000 Hz.
Sound ""untitled"": pitch analysis not performed."
/Users/edward/Documents/GitHub/als-project/filtered/data/VOC-ALS/HC/I/voiced/CT033_phonationI_OnlyVoiced.wav,"To analyse this Sound, “minimum pitch” must not be less than 1000 Hz.
Sound ""untitled"": pitch analysis not performed."
/Users/edward/Documents/GitHub/als-project/filtered/data/VOC-ALS/HC/I/voiced/CT026_phonationI_OnlyVoiced.wav,"To analyse this Sound, “minimum pitch” must not be less than 1000 Hz.
Sound ""untitled"": pitch analysis not performed."
/Users/edward/Documents/GitHub/als-project/filtered/data/VOC-ALS/HC/I/voiced/CT039_phonationI_OnlyVoiced.wav,"To analyse this Sound, “minimum pitch” must not be less than 1000 Hz.
Sound ""untitled"": pitch analysis not performed."
/Users/edward/Documents/GitHub/als-project/filtered/data/VOC-ALS/HC/I/voiced/CT047_phonationI_OnlyVoiced.wav,"Command requires more than the given 2 arguments: no value for argument ""Subtract mean"".
"
/Users/edward/Documents/GitHub/als-project/filtered/data/VOC-ALS/HC/I/voiced/CT052_phonationI_OnlyVoiced.wav,"To analyse this Sound, “minimum pitch” must not be less than 1000 Hz.
Sound ""untitled"": pitch analysis not performed."
/Users/edward/Documents/GitHub/als-project/filtered/data/VOC-ALS/HC/I/voiced/CT053_phonationI_OnlyVoiced.wav,"To analyse this Sound, “minimum pitch” must not be less than 1000 Hz.
Sound ""untitled"": pitch analysis not performed."
/Users/edward/Documents/GitHub/als-project/filtered/data/VOC-ALS/HC/I/voiced/CT046_phonationI_OnlyVoiced.wav,"To analyse this Sound, “minimum pitch” must not be less than 1000 Hz.
Sound ""untitled"": pitch analysis not performed."
/Users/edward/Documents/GitHub/als-project/filtered/data/VOC-ALS/HC/I/voiced/CT022_phonationI_OnlyVoiced.wav,"To analyse this Sound, “minimum pitch” must not be less than 1000 Hz.
Sound ""untitled"": pitch analysis not performed."
/Users/edward/Documents/GitHub/als-project/filtered/data/VOC-ALS/HC/I/voiced/CT038_phonationI_OnlyVoiced.wav,"To analyse this Sound, “minimum pitch” must not be less than 1000 Hz.
Sound ""untitled"": pitch analysis not performed."
/Users/edward/Documents/GitHub/als-project/filtered/data/VOC-ALS/HC/I/voiced/CT049_phonationI_OnlyVoiced.wav,"To analyse this Sound, “minimum pitch” must not be less than 1000 Hz.
Sound ""untitled"": pitch analysis not performed."
/Users/edward/Documents/GitHub/als-project/filtered/data/VOC-ALS/HC/I/voiced/CT041_phonationI_OnlyVoiced.wav,"To analyse this Sound, “minimum pitch” must not be less than 1000 Hz.
Sound ""untitled"": pitch analysis not performed."
/Users/edward/Documents/GitHub/als-project/filtered/data/VOC-ALS/HC/I/voiced/CT054_phonationI_OnlyVoiced.wav,"To analyse this Sound, “minimum pitch” must not be less than 1000 Hz.
Sound ""untitled"": pitch analysis not performed."
/Users/edward/Documents/GitHub/als-project/filtered/data/VOC-ALS/HC/I/voiced/CT030_phonationI_OnlyVoiced.wav,"To analyse this Sound, “minimum pitch” must not be less than 1000 Hz.
Sound ""untitled"": pitch analysis not performed."
/Users/edward/Documents/GitHub/als-project/filtered/data/VOC-ALS/HC/I/voiced/CT060_phonationI_OnlyVoiced.wav,"Command requires more than the given 2 arguments: no value for argument ""Subtract mean"".
"
/Users/edward/Documents/GitHub/als-project/filtered/data/VOC-ALS/HC/I/voiced/CT066_phonationI_OnlyVoiced.wav,"To analyse this Sound, “minimum pitch” must not be less than 1000 Hz.
Sound ""untitled"": pitch analysis not performed."
/Users/edward/Documents/GitHub/als-project/filtered/data/VOC-ALS/HC/I/voiced/CT061_phonationI_OnlyVoiced.wav,"To analyse this Sound, “minimum pitch” must not be less than 1000 Hz.
Sound ""untitled"": pitch analysis not performed."
/Users/edward/Documents/GitHub/als-project/filtered/data/VOC-ALS/HC/I/voiced/CT069_phonationI_OnlyVoiced.wav,index 0 is out of bounds for axis 0 with size 0
/Users/edward/Documents/GitHub/als-project/filtered/data/VOC-ALS/HC/I/voiced/CT063_phonationI_OnlyVoiced.wav,"To analyse this Sound, “minimum pitch” must not be less than 1000 Hz.
Sound ""untitled"": pitch analysis not performed."
/Users/edward/Documents/GitHub/als-project/filtered/data/VOC-ALS/HC/I/voiced/CT015_phonationI_OnlyVoiced.wav,"To analyse this Sound, “minimum pitch” must not be less than 1000 Hz.
Sound ""untitled"": pitch analysis not performed."
/Users/edward/Documents/GitHub/als-project/filtered/data/VOC-ALS/HC/I/voiced/CT064_phonationI_OnlyVoiced.wav,"To analyse this Sound, “minimum pitch” must not be less than 1000 Hz.
Sound ""untitled"": pitch analysis not performed."
/Users/edward/Documents/GitHub/als-project/filtered/data/VOC-ALS/HC/I/voiced/CT001_phonationI_OnlyVoiced.wav,"To analyse this Sound, “minimum pitch” must not be less than 1000 Hz.
Sound ""untitled"": pitch analysis not performed."
/Users/edward/Documents/GitHub/als-project/filtered/data/VOC-ALS/HC/I/voiced/CT014_phonationI_OnlyVoiced.wav,"To analyse this Sound, “minimum pitch” must not be less than 1000 Hz.
Sound ""untitled"": pitch analysis not performed."
/Users/edward/Documents/GitHub/als-project/filtered/data/VOC-ALS/HC/I/voiced/CT065_phonationI_OnlyVoiced.wav,index 0 is out of bounds for axis 0 with size 0
/Users/edward/Documents/GitHub/als-project/filtered/data/VOC-ALS/HC/I/voiced/CT062_phonationI_OnlyVoiced.wav,"To analyse this Sound, “minimum pitch” must not be less than 1000 Hz.
Sound ""untitled"": pitch analysis not performed."
/Users/edward/Documents/GitHub/als-project/filtered/data/MSA_dataset/MSA_i_2/voiced/MSA11i2_clean_OnlyVoiced.wav,"Input X contains NaN.
PCA does not accept missing values encoded as NaN natively. For supervised learning, you might want to consider sklearn.ensemble.HistGradientBoostingClassifier and Regressor which accept missing values encoded as NaNs natively. Alternatively, it is possible to preprocess the data, for instance by using an imputer transformer in a pipeline or drop samples with missing values. See https://scikit-learn.org/stable/modules/impute.html You can find a list of all estimators that handle NaN values at the following page: https://scikit-learn.org/stable/modules/impute.html#estimators-that-handle-nan-values"
/Users/edward/Documents/GitHub/als-project/filtered/data/MSA_dataset/MSA_i_2/voiced/MSA11i1_clean_OnlyVoiced.wav,"Input X contains NaN.
PCA does not accept missing values encoded as NaN natively. For supervised learning, you might want to consider sklearn.ensemble.HistGradientBoostingClassifier and Regressor which accept missing values encoded as NaNs natively. Alternatively, it is possible to preprocess the data, for instance by using an imputer transformer in a pipeline or drop samples with missing values. See https://scikit-learn.org/stable/modules/impute.html You can find a list of all estimators that handle NaN values at the following page: https://scikit-learn.org/stable/modules/impute.html#estimators-that-handle-nan-values"
/Users/edward/Documents/GitHub/als-project/filtered/data/PSP_dataset/PSP_i_1/voiced/PSP5i1_clean_OnlyVoiced.wav,"Input X contains NaN.
PCA does not accept missing values encoded as NaN natively. For supervised learning, you might want to consider sklearn.ensemble.HistGradientBoostingClassifier and Regressor which accept missing values encoded as NaNs natively. Alternatively, it is possible to preprocess the data, for instance by using an imputer transformer in a pipeline or drop samples with missing values. See https://scikit-learn.org/stable/modules/impute.html You can find a list of all estimators that handle NaN values at the following page: https://scikit-learn.org/stable/modules/impute.html#estimators-that-handle-nan-values"
/Users/edward/Documents/GitHub/als-project/filtered/data/PD_dataset_1/A_noEP_Audios/voiced/257A_OnlyVoiced.wav,"To analyse this Sound, “minimum pitch” must not be less than 1000 Hz.
Sound ""untitled"": pitch analysis not performed."
/Users/edward/Documents/GitHub/als-project/filtered/data/PD_dataset_1/A_noEP_Audios/voiced/220A_OnlyVoiced.wav,"Command requires more than the given 2 arguments: no value for argument ""Subtract mean"".
"
/Users/edward/Documents/GitHub/als-project/filtered/data/PD_dataset_1/A_noEP_Audios/voiced/218A_OnlyVoiced.wav,"To analyse this Sound, “minimum pitch” must not be less than 1000 Hz.
Sound ""untitled"": pitch analysis not performed."
/Users/edward/Documents/GitHub/als-project/filtered/data/PD_dataset_1/A_noEP_Audios/voiced/233A_OnlyVoiced.wav,"To analyse this Sound, “minimum pitch” must not be less than 1000 Hz.
Sound ""untitled"": pitch analysis not performed."
/Users/edward/Documents/GitHub/als-project/filtered/data/PD_dataset_1/A_noEP_Audios/voiced/228A_OnlyVoiced.wav,"Command requires more than the given 2 arguments: no value for argument ""Subtract mean"".
"
/Users/edward/Documents/GitHub/als-project/filtered/data/PD_dataset_1/A_noEP_Audios/voiced/256A_OnlyVoiced.wav,index 0 is out of bounds for axis 0 with size 0
/Users/edward/Documents/GitHub/als-project/filtered/data/PD_dataset_1/A_noEP_Audios/voiced/247A_OnlyVoiced.wav,"Command requires more than the given 2 arguments: no value for argument ""Subtract mean"".
"
/Users/edward/Documents/GitHub/als-project/filtered/data/PD_dataset_1/A_noEP_Audios/voiced/242A_OnlyVoiced.wav,index 0 is out of bounds for axis 0 with size 0
/Users/edward/Documents/GitHub/als-project/filtered/data/PD_dataset_1/A_noEP_Audios/voiced/258A_OnlyVoiced.wav,index 0 is out of bounds for axis 0 with size 0
/Users/edward/Documents/GitHub/als-project/filtered/data/PD_dataset_1/A_noEP_Audios/voiced/225A_OnlyVoiced.wav,"To analyse this Sound, “minimum pitch” must not be less than 1000 Hz.
Sound ""untitled"": pitch analysis not performed."
/Users/edward/Documents/GitHub/als-project/filtered/data/PD_dataset_1/A_noEP_Audios/voiced/202A_OnlyVoiced.wav,"To analyse this Sound, “minimum pitch” must not be less than 1000 Hz.
Sound ""untitled"": pitch analysis not performed."
/Users/edward/Documents/GitHub/als-project/filtered/data/PD_dataset_1/A_noEP_Audios/voiced/264A_OnlyVoiced.wav,"To analyse this Sound, “minimum pitch” must not be less than 1000 Hz.
Sound ""untitled"": pitch analysis not performed."
/Users/edward/Documents/GitHub/als-project/filtered/data/PD_dataset_1/A_noEP_Audios/voiced/263A_OnlyVoiced.wav,index 0 is out of bounds for axis 0 with size 0
/Users/edward/Documents/GitHub/als-project/filtered/data/PD_dataset_1/A_noEP_Audios/voiced/262A_OnlyVoiced.wav,"To analyse this Sound, “minimum pitch” must not be less than 1000 Hz.
Sound ""untitled"": pitch analysis not performed."
/Users/edward/Documents/GitHub/als-project/filtered/data/PD_dataset_1/A_noEP_Audios/voiced/226A_OnlyVoiced.wav,index 0 is out of bounds for axis 0 with size 0
/Users/edward/Documents/GitHub/als-project/filtered/data/PD_dataset_1/A_EP_Audios/voiced/136A_OnlyVoiced.wav,index 0 is out of bounds for axis 0 with size 0
/Users/edward/Documents/GitHub/als-project/filtered/data/PD_dataset_1/A_EP_Audios/voiced/122A_OnlyVoiced.wav,"To analyse this Sound, “minimum pitch” must not be less than 1000 Hz.
Sound ""untitled"": pitch analysis not performed."
/Users/edward/Documents/GitHub/als-project/filtered/data/PD_dataset_1/A_EP_Audios/voiced/128A_OnlyVoiced.wav,"Command requires more than the given 2 arguments: no value for argument ""Subtract mean"".
"
/Users/edward/Documents/GitHub/als-project/filtered/data/PD_dataset_1/A_EP_Audios/voiced/149A_OnlyVoiced.wav,"To analyse this Sound, “minimum pitch” must not be less than 1000 Hz.
Sound ""untitled"": pitch analysis not performed."
/Users/edward/Documents/GitHub/als-project/filtered/data/PD_dataset_1/A_EP_Audios/voiced/145A_OnlyVoiced.wav,"To analyse this Sound, “minimum pitch” must not be less than 1000 Hz.
Sound ""untitled"": pitch analysis not performed."
/Users/edward/Documents/GitHub/als-project/filtered/data/PD_dataset_1/A_EP_Audios/voiced/115A_OnlyVoiced.wav,"To analyse this Sound, “minimum pitch” must not be less than 1000 Hz.
Sound ""untitled"": pitch analysis not performed."
/Users/edward/Documents/GitHub/als-project/filtered/data/PD_dataset_1/A_EP_Audios/voiced/102A_OnlyVoiced.wav,"Command requires more than the given 2 arguments: no value for argument ""Subtract mean"".
"
/Users/edward/Documents/GitHub/als-project/filtered/data/PD_dataset_1/A_EP_Audios/voiced/120A_OnlyVoiced.wav,"Command requires more than the given 2 arguments: no value for argument ""Subtract mean"".
"
/Users/edward/Documents/GitHub/als-project/filtered/data/PD_dataset_1/A_EP_Audios/voiced/113A_OnlyVoiced.wav,"To analyse this Sound, “minimum pitch” must not be less than 1000 Hz.
Sound ""untitled"": pitch analysis not performed."
/Users/edward/Documents/GitHub/als-project/filtered/data/PD_dataset_1/A_EP_Audios/voiced/141A_OnlyVoiced.wav,"To analyse this Sound, “minimum pitch” must not be less than 1000 Hz.
Sound ""untitled"": pitch analysis not performed."
/Users/edward/Documents/GitHub/als-project/filtered/data/PD_dataset_3/PD_AH/voiced/AH_545841227-5C77713A-66F1-49D0-BC8A-702C152E668D_OnlyVoiced.wav,index 0 is out of bounds for axis 0 with size 0
/Users/edward/Documents/GitHub/als-project/filtered/data/PD_dataset_3/HC_AH/voiced/AH_777G_4C8ACC89-7FE2-4174-AE3A-B21B39A0C869_OnlyVoiced.wav,index 0 is out of bounds for axis 0 with size 0
/Users/edward/Documents/GitHub/als-project/filtered/data/Minsk2020_ALS_database/HC/voiced/125_a_OnlyVoiced.wav,"Command requires more than the given 2 arguments: no value for argument ""Subtract mean"".
"
/Users/edward/Documents/GitHub/als-project/filtered/data/Minsk2020_ALS_database/HC/voiced/049_i_OnlyVoiced.wav,"To analyse this Sound, “minimum pitch” must not be less than 1000 Hz.
Sound ""untitled"": pitch analysis not performed."
/Users/edward/Documents/GitHub/als-project/filtered/data/Minsk2020_ALS_database/HC/voiced/042_i_OnlyVoiced.wav,"To analyse this Sound, “minimum pitch” must not be less than 1000 Hz.
Sound ""untitled"": pitch analysis not performed."
/Users/edward/Documents/GitHub/als-project/filtered/data/Minsk2020_ALS_database/HC/voiced/131_i_OnlyVoiced.wav,index 0 is out of bounds for axis 0 with size 0
/Users/edward/Documents/GitHub/als-project/filtered/data/Minsk2020_ALS_database/HC/voiced/026_i_OnlyVoiced.wav,"To analyse this Sound, “minimum pitch” must not be less than 1000 Hz.
Sound ""untitled"": pitch analysis not performed."
/Users/edward/Documents/GitHub/als-project/filtered/data/Minsk2020_ALS_database/HC/voiced/123_i_OnlyVoiced.wav,"To analyse this Sound, “minimum pitch” must not be less than 1000 Hz.
Sound ""untitled"": pitch analysis not performed."
/Users/edward/Documents/GitHub/als-project/filtered/data/Minsk2020_ALS_database/HC/voiced/099_a_OnlyVoiced.wav,"To analyse this Sound, “minimum pitch” must not be less than 1000 Hz.
Sound ""untitled"": pitch analysis not performed."
/Users/edward/Documents/GitHub/als-project/filtered/data/Minsk2020_ALS_database/HC/voiced/127_i_OnlyVoiced.wav,"To analyse this Sound, “minimum pitch” must not be less than 1000 Hz.
Sound ""untitled"": pitch analysis not performed."
/Users/edward/Documents/GitHub/als-project/filtered/data/Minsk2020_ALS_database/HC/voiced/123_a_OnlyVoiced.wav,index 0 is out of bounds for axis 0 with size 0
/Users/edward/Documents/GitHub/als-project/filtered/data/Minsk2020_ALS_database/HC/voiced/026_a_OnlyVoiced.wav,"To analyse this Sound, “minimum pitch” must not be less than 1000 Hz.
Sound ""untitled"": pitch analysis not performed."
/Users/edward/Documents/GitHub/als-project/filtered/data/Minsk2020_ALS_database/HC/voiced/111_i_OnlyVoiced.wav,"To analyse this Sound, “minimum pitch” must not be less than 1000 Hz.
Sound ""untitled"": pitch analysis not performed."
/Users/edward/Documents/GitHub/als-project/filtered/data/Minsk2020_ALS_database/HC/voiced/006_i_OnlyVoiced.wav,"Command requires more than the given 2 arguments: no value for argument ""Subtract mean"".
"
/Users/edward/Documents/GitHub/als-project/filtered/data/Minsk2020_ALS_database/HC/voiced/119_i_OnlyVoiced.wav,"To analyse this Sound, “minimum pitch” must not be less than 1000 Hz.
Sound ""untitled"": pitch analysis not performed."
/Users/edward/Documents/GitHub/als-project/filtered/data/Minsk2020_ALS_database/HC/voiced/099_i_OnlyVoiced.wav,"To analyse this Sound, “minimum pitch” must not be less than 1000 Hz.
Sound ""untitled"": pitch analysis not performed."
/Users/edward/Documents/GitHub/als-project/filtered/data/Minsk2020_ALS_database/HC/voiced/125_i_OnlyVoiced.wav,"To analyse this Sound, “minimum pitch” must not be less than 1000 Hz.
Sound ""untitled"": pitch analysis not performed."
/Users/edward/Documents/GitHub/als-project/filtered/data/Minsk2020_ALS_database/HC/voiced/129_i_OnlyVoiced.wav,"To analyse this Sound, “minimum pitch” must not be less than 1000 Hz.
Sound ""untitled"": pitch analysis not performed."
/Users/edward/Documents/GitHub/als-project/filtered/data/Minsk2020_ALS_database/ALS/voiced/098_i_OnlyVoiced.wav,"To analyse this Sound, “minimum pitch” must not be less than 1000 Hz.
Sound ""untitled"": pitch analysis not performed."
/Users/edward/Documents/GitHub/als-project/filtered/data/Minsk2020_ALS_database/ALS/voiced/008_a_OnlyVoiced.wav,"To analyse this Sound, “minimum pitch” must not be less than 1000 Hz.
Sound ""untitled"": pitch analysis not performed."
/Users/edward/Documents/GitHub/als-project/filtered/data/Minsk2020_ALS_database/ALS/voiced/076_i_OnlyVoiced.wav,"To analyse this Sound, “minimum pitch” must not be less than 1000 Hz.
Sound ""untitled"": pitch analysis not performed."
/Users/edward/Documents/GitHub/als-project/filtered/data/Minsk2020_ALS_database/ALS/voiced/096_i_OnlyVoiced.wav,"To analyse this Sound, “minimum pitch” must not be less than 1000 Hz.
Sound ""untitled"": pitch analysis not performed."
/Users/edward/Documents/GitHub/als-project/filtered/data/Minsk2020_ALS_database/ALS/voiced/092_i_OnlyVoiced.wav,"To analyse this Sound, “minimum pitch” must not be less than 1000 Hz.
Sound ""untitled"": pitch analysis not performed."
/Users/edward/Documents/GitHub/als-project/filtered/data/Minsk2020_ALS_database/ALS/voiced/094_i_OnlyVoiced.wav,"To analyse this Sound, “minimum pitch” must not be less than 1000 Hz.
Sound ""untitled"": pitch analysis not performed."
/Users/edward/Documents/GitHub/als-project/filtered/data/Minsk2020_ALS_database/ALS/voiced/092_a_OnlyVoiced.wav,"To analyse this Sound, “minimum pitch” must not be less than 1000 Hz.
Sound ""untitled"": pitch analysis not performed."
/Users/edward/Documents/GitHub/als-project/filtered/data/Minsk2020_ALS_database/ALS/voiced/102_i_OnlyVoiced.wav,"To analyse this Sound, “minimum pitch” must not be less than 1000 Hz.
Sound ""untitled"": pitch analysis not performed."
/Users/edward/Documents/GitHub/als-project/filtered/data/Italian_Parkinsons_Voice_and_speech/22 Elderly Healthy Control/LUIGI P/voiced/VI2LPUUITGI41M230320171113_OnlyVoiced.wav,"To analyse this Sound, “minimum pitch” must not be less than 1000 Hz.
Sound ""untitled"": pitch analysis not performed."
/Users/edward/Documents/GitHub/als-project/filtered/data/Italian_Parkinsons_Voice_and_speech/22 Elderly Healthy Control/LUIGI P/voiced/VI1LPUUITGI41M230320171113_OnlyVoiced.wav,"To analyse this Sound, “minimum pitch” must not be less than 1000 Hz.
Sound ""untitled"": pitch analysis not performed."
/Users/edward/Documents/GitHub/als-project/filtered/data/Italian_Parkinsons_Voice_and_speech/22 Elderly Healthy Control/VITO L/voiced/VI1VLIATFOO55M300320171247_OnlyVoiced.wav,"To analyse this Sound, “minimum pitch” must not be less than 1000 Hz.
Sound ""untitled"": pitch analysis not performed."
/Users/edward/Documents/GitHub/als-project/filtered/data/Italian_Parkinsons_Voice_and_speech/22 Elderly Healthy Control/VITO L/voiced/VE2VLIATFOO55M300320171246_OnlyVoiced.wav,index 0 is out of bounds for axis 0 with size 0
/Users/edward/Documents/GitHub/als-project/filtered/data/Italian_Parkinsons_Voice_and_speech/22 Elderly Healthy Control/VITO L/voiced/VI2VLIATFOO55M300320171247_OnlyVoiced.wav,"To analyse this Sound, “minimum pitch” must not be less than 1000 Hz.
Sound ""untitled"": pitch analysis not performed."
/Users/edward/Documents/GitHub/als-project/filtered/data/Italian_Parkinsons_Voice_and_speech/22 Elderly Healthy Control/NICOLA P/voiced/VI1NPIICEOR42M020420171811_OnlyVoiced.wav,"To analyse this Sound, “minimum pitch” must not be less than 1000 Hz.
Sound ""untitled"": pitch analysis not performed."
/Users/edward/Documents/GitHub/als-project/filtered/data/Italian_Parkinsons_Voice_and_speech/22 Elderly Healthy Control/NICOLA P/voiced/VI2NPIICEOR42M020420171811_OnlyVoiced.wav,"To analyse this Sound, “minimum pitch” must not be less than 1000 Hz.
Sound ""untitled"": pitch analysis not performed."
/Users/edward/Documents/GitHub/als-project/filtered/data/Italian_Parkinsons_Voice_and_speech/22 Elderly Healthy Control/GIOVANNI B/voiced/VI2GBIAORVI48M230320171238_OnlyVoiced.wav,"To analyse this Sound, “minimum pitch” must not be less than 1000 Hz.
Sound ""untitled"": pitch analysis not performed."
/Users/edward/Documents/GitHub/als-project/filtered/data/Italian_Parkinsons_Voice_and_speech/22 Elderly Healthy Control/GIOVANNI B/voiced/VE2GBIAORVI48M230320171237_OnlyVoiced.wav,"To analyse this Sound, “minimum pitch” must not be less than 1000 Hz.
Sound ""untitled"": pitch analysis not performed."
/Users/edward/Documents/GitHub/als-project/filtered/data/Italian_Parkinsons_Voice_and_speech/22 Elderly Healthy Control/GIOVANNI B/voiced/VI1GBIAORVI48M230320171237_OnlyVoiced.wav,"To analyse this Sound, “minimum pitch” must not be less than 1000 Hz.
Sound ""untitled"": pitch analysis not performed."
/Users/edward/Documents/GitHub/als-project/filtered/data/Italian_Parkinsons_Voice_and_speech/22 Elderly Healthy Control/GIOVANNI B/voiced/VE1GBIAORVI48M230320171236_OnlyVoiced.wav,index 0 is out of bounds for axis 0 with size 0
/Users/edward/Documents/GitHub/als-project/filtered/data/Italian_Parkinsons_Voice_and_speech/22 Elderly Healthy Control/ANTONIETTA P/voiced/VI2APNITNOT56F230320170853_OnlyVoiced.wav,index 0 is out of bounds for axis 0 with size 0
/Users/edward/Documents/GitHub/als-project/filtered/data/Italian_Parkinsons_Voice_and_speech/22 Elderly Healthy Control/GILDA C/voiced/VO2GCIALSDA52F170320171130_OnlyVoiced.wav,"To analyse this Sound, “minimum pitch” must not be less than 1000 Hz.
Sound ""untitled"": pitch analysis not performed."
/Users/edward/Documents/GitHub/als-project/filtered/data/Italian_Parkinsons_Voice_and_speech/22 Elderly Healthy Control/GILDA C/voiced/VI2GCIALSDA52F170320171129_OnlyVoiced.wav,"To analyse this Sound, “minimum pitch” must not be less than 1000 Hz.
Sound ""untitled"": pitch analysis not performed."
/Users/edward/Documents/GitHub/als-project/filtered/data/Italian_Parkinsons_Voice_and_speech/22 Elderly Healthy Control/GILDA C/voiced/VU1GCIALSDA52F170320171130_OnlyVoiced.wav,"To analyse this Sound, “minimum pitch” must not be less than 1000 Hz.
Sound ""untitled"": pitch analysis not performed."
/Users/edward/Documents/GitHub/als-project/filtered/data/Italian_Parkinsons_Voice_and_speech/22 Elderly Healthy Control/GILDA C/voiced/VE1GCIALSDA52F170320171127_OnlyVoiced.wav,index 0 is out of bounds for axis 0 with size 0
/Users/edward/Documents/GitHub/als-project/filtered/data/Italian_Parkinsons_Voice_and_speech/22 Elderly Healthy Control/GILDA C/voiced/VI1GCIALSDA52F170320171128_OnlyVoiced.wav,index 0 is out of bounds for axis 0 with size 0
/Users/edward/Documents/GitHub/als-project/filtered/data/Italian_Parkinsons_Voice_and_speech/22 Elderly Healthy Control/GILDA C/voiced/VE2GCIALSDA52F170320171128_OnlyVoiced.wav,"To analyse this Sound, “minimum pitch” must not be less than 1000 Hz.
Sound ""untitled"": pitch analysis not performed."
/Users/edward/Documents/GitHub/als-project/filtered/data/Italian_Parkinsons_Voice_and_speech/22 Elderly Healthy Control/AGNESE P/voiced/VE2APGANRET55F170320171109_OnlyVoiced.wav,"To analyse this Sound, “minimum pitch” must not be less than 1000 Hz.
Sound ""untitled"": pitch analysis not performed."
/Users/edward/Documents/GitHub/als-project/filtered/data/Italian_Parkinsons_Voice_and_speech/22 Elderly Healthy Control/AGNESE P/voiced/VI1APGANRET55F170320171109_OnlyVoiced.wav,"To analyse this Sound, “minimum pitch” must not be less than 1000 Hz.
Sound ""untitled"": pitch analysis not performed."
/Users/edward/Documents/GitHub/als-project/filtered/data/Italian_Parkinsons_Voice_and_speech/22 Elderly Healthy Control/VITANTONIO D/voiced/VA1VDIET AS47M210320170942_OnlyVoiced.wav,"Command requires more than the given 2 arguments: no value for argument ""Subtract mean"".
"
/Users/edward/Documents/GitHub/als-project/filtered/data/Italian_Parkinsons_Voice_and_speech/22 Elderly Healthy Control/VITANTONIO D/voiced/VI1VDIET AS47M210320170944_OnlyVoiced.wav,"To analyse this Sound, “minimum pitch” must not be less than 1000 Hz.
Sound ""untitled"": pitch analysis not performed."
/Users/edward/Documents/GitHub/als-project/filtered/data/Italian_Parkinsons_Voice_and_speech/22 Elderly Healthy Control/ANGELA C/voiced/VE2ACNAGRER49F210320170921_OnlyVoiced.wav,"Command requires more than the given 2 arguments: no value for argument ""Subtract mean"".
"
/Users/edward/Documents/GitHub/als-project/filtered/data/Italian_Parkinsons_Voice_and_speech/22 Elderly Healthy Control/ANGELA C/voiced/VE1ACNAGRER49F210320170921_OnlyVoiced.wav,"To analyse this Sound, “minimum pitch” must not be less than 1000 Hz.
Sound ""untitled"": pitch analysis not performed."
/Users/edward/Documents/GitHub/als-project/filtered/data/Italian_Parkinsons_Voice_and_speech/22 Elderly Healthy Control/BRIGIDA C/voiced/VI1BCRAISGS48F210320171007_OnlyVoiced.wav,"To analyse this Sound, “minimum pitch” must not be less than 1000 Hz.
Sound ""untitled"": pitch analysis not performed."
/Users/edward/Documents/GitHub/als-project/filtered/data/Italian_Parkinsons_Voice_and_speech/22 Elderly Healthy Control/BRIGIDA C/voiced/VI2BCRAISGS48F210320171007_OnlyVoiced.wav,"To analyse this Sound, “minimum pitch” must not be less than 1000 Hz.
Sound ""untitled"": pitch analysis not performed."
/Users/edward/Documents/GitHub/als-project/filtered/data/Italian_Parkinsons_Voice_and_speech/28 People with Parkinson's disease/11-16/Roberto R/voiced/VI2RROIBVEI49M240120171909_OnlyVoiced.wav,"To analyse this Sound, “minimum pitch” must not be less than 1000 Hz.
Sound ""untitled"": pitch analysis not performed."
/Users/edward/Documents/GitHub/als-project/filtered/data/Italian_Parkinsons_Voice_and_speech/28 People with Parkinson's disease/11-16/Roberto R/voiced/VE2RROIBVEI49M240120171907_OnlyVoiced.wav,"To analyse this Sound, “minimum pitch” must not be less than 1000 Hz.
Sound ""untitled"": pitch analysis not performed."
/Users/edward/Documents/GitHub/als-project/filtered/data/Italian_Parkinsons_Voice_and_speech/28 People with Parkinson's disease/11-16/Roberto R/voiced/VI1RROIBVEI49M240120171908_OnlyVoiced.wav,"Command requires more than the given 2 arguments: no value for argument ""Subtract mean"".
"
/Users/edward/Documents/GitHub/als-project/filtered/data/Italian_Parkinsons_Voice_and_speech/28 People with Parkinson's disease/11-16/Vito S/voiced/VE2VSIPTIOZ46M240120171927_OnlyVoiced.wav,"To analyse this Sound, “minimum pitch” must not be less than 1000 Hz.
Sound ""untitled"": pitch analysis not performed."
/Users/edward/Documents/GitHub/als-project/filtered/data/Italian_Parkinsons_Voice_and_speech/28 People with Parkinson's disease/11-16/Vito S/voiced/VA2VSIPTIOZ46M240120171925_OnlyVoiced.wav,"To analyse this Sound, “minimum pitch” must not be less than 1000 Hz.
Sound ""untitled"": pitch analysis not performed."
/Users/edward/Documents/GitHub/als-project/filtered/data/Italian_Parkinsons_Voice_and_speech/28 People with Parkinson's disease/11-16/Michele C/voiced/VI1MCIICLHL46M240120171831_OnlyVoiced.wav,"To analyse this Sound, “minimum pitch” must not be less than 1000 Hz.
Sound ""untitled"": pitch analysis not performed."
/Users/edward/Documents/GitHub/als-project/filtered/data/Italian_Parkinsons_Voice_and_speech/28 People with Parkinson's disease/11-16/Michele C/voiced/VI2MCIICLHL46M240120171832_OnlyVoiced.wav,"To analyse this Sound, “minimum pitch” must not be less than 1000 Hz.
Sound ""untitled"": pitch analysis not performed."
/Users/edward/Documents/GitHub/als-project/filtered/data/Italian_Parkinsons_Voice_and_speech/28 People with Parkinson's disease/11-16/Nicola S/voiced/VI2NSICCHOI44M240120171848_OnlyVoiced.wav,index 0 is out of bounds for axis 0 with size 0
/Users/edward/Documents/GitHub/als-project/filtered/data/Italian_Parkinsons_Voice_and_speech/28 People with Parkinson's disease/11-16/Roberto L/voiced/VI1RLOABREE42M240120171949_OnlyVoiced.wav,"To analyse this Sound, “minimum pitch” must not be less than 1000 Hz.
Sound ""untitled"": pitch analysis not performed."
/Users/edward/Documents/GitHub/als-project/filtered/data/Italian_Parkinsons_Voice_and_speech/28 People with Parkinson's disease/11-16/Roberto L/voiced/VA1RLOABREE42M240120171947_OnlyVoiced.wav,"To analyse this Sound, “minimum pitch” must not be less than 1000 Hz.
Sound ""untitled"": pitch analysis not performed."
/Users/edward/Documents/GitHub/als-project/filtered/data/Italian_Parkinsons_Voice_and_speech/28 People with Parkinson's disease/11-16/Roberto L/voiced/VE2RLOABREE42M240120171949_OnlyVoiced.wav,"To analyse this Sound, “minimum pitch” must not be less than 1000 Hz.
Sound ""untitled"": pitch analysis not performed."
/Users/edward/Documents/GitHub/als-project/filtered/data/Italian_Parkinsons_Voice_and_speech/28 People with Parkinson's disease/11-16/Roberto L/voiced/VI2RLOABREE42M240120171950_OnlyVoiced.wav,"To analyse this Sound, “minimum pitch” must not be less than 1000 Hz.
Sound ""untitled"": pitch analysis not performed."
/Users/edward/Documents/GitHub/als-project/filtered/data/Italian_Parkinsons_Voice_and_speech/28 People with Parkinson's disease/11-16/Roberto L/voiced/VE1RLOABREE42M240120171948_OnlyVoiced.wav,"To analyse this Sound, “minimum pitch” must not be less than 1000 Hz.
Sound ""untitled"": pitch analysis not performed."
/Users/edward/Documents/GitHub/als-project/filtered/data/Italian_Parkinsons_Voice_and_speech/28 People with Parkinson's disease/11-16/Roberto L/voiced/VA2RLOABREE42M240120171947_OnlyVoiced.wav,"To analyse this Sound, “minimum pitch” must not be less than 1000 Hz.
Sound ""untitled"": pitch analysis not performed."
/Users/edward/Documents/GitHub/als-project/filtered/data/Italian_Parkinsons_Voice_and_speech/28 People with Parkinson's disease/6-10/Luigi B/voiced/VI1lbuairgo52M1606161816_OnlyVoiced.wav,"To analyse this Sound, “minimum pitch” must not be less than 1000 Hz.
Sound ""untitled"": pitch analysis not performed."
/Users/edward/Documents/GitHub/als-project/filtered/data/Italian_Parkinsons_Voice_and_speech/28 People with Parkinson's disease/6-10/Luigi B/voiced/VI2lbuairgo52M1606161816_OnlyVoiced.wav,"To analyse this Sound, “minimum pitch” must not be less than 1000 Hz.
Sound ""untitled"": pitch analysis not performed."
/Users/edward/Documents/GitHub/als-project/filtered/data/Italian_Parkinsons_Voice_and_speech/28 People with Parkinson's disease/6-10/Vito S/voiced/VI2vsiptioz46M1606161707_OnlyVoiced.wav,index 0 is out of bounds for axis 0 with size 0
/Users/edward/Documents/GitHub/als-project/filtered/data/Italian_Parkinsons_Voice_and_speech/28 People with Parkinson's disease/6-10/Vito S/voiced/VI1vsiptioz46M1606161707_OnlyVoiced.wav,"To analyse this Sound, “minimum pitch” must not be less than 1000 Hz.
Sound ""untitled"": pitch analysis not performed."
/Users/edward/Documents/GitHub/als-project/filtered/data/Italian_Parkinsons_Voice_and_speech/28 People with Parkinson's disease/6-10/Ugo B/voiced/VA2ubguot_t40M1606161759_OnlyVoiced.wav,index 0 is out of bounds for axis 0 with size 0
/Users/edward/Documents/GitHub/als-project/filtered/data/Italian_Parkinsons_Voice_and_speech/28 People with Parkinson's disease/6-10/Ugo B/voiced/VI1ubguot_t40M1606161801_OnlyVoiced.wav,"Command requires more than the given 2 arguments: no value for argument ""Subtract mean"".
"
/Users/edward/Documents/GitHub/als-project/filtered/data/Italian_Parkinsons_Voice_and_speech/28 People with Parkinson's disease/6-10/Ugo B/voiced/VA1ubguot_t40M1606161759_OnlyVoiced.wav,"To analyse this Sound, “minimum pitch” must not be less than 1000 Hz.
Sound ""untitled"": pitch analysis not performed."
/Users/edward/Documents/GitHub/als-project/filtered/data/Italian_Parkinsons_Voice_and_speech/28 People with Parkinson's disease/6-10/Nicola S/voiced/VI1sncihcio44M1606161722_OnlyVoiced.wav,index 0 is out of bounds for axis 0 with size 0
/Users/edward/Documents/GitHub/als-project/filtered/data/Italian_Parkinsons_Voice_and_speech/28 People with Parkinson's disease/6-10/Nicola S/voiced/VI2sncihcio44M1606161722_OnlyVoiced.wav,index 0 is out of bounds for axis 0 with size 0
/Users/edward/Documents/GitHub/als-project/filtered/data/Italian_Parkinsons_Voice_and_speech/28 People with Parkinson's disease/1-5/Domenico C/voiced/VI2cdaopmoe67M2605161911_OnlyVoiced.wav,"Input X contains NaN.
PCA does not accept missing values encoded as NaN natively. For supervised learning, you might want to consider sklearn.ensemble.HistGradientBoostingClassifier and Regressor which accept missing values encoded as NaNs natively. Alternatively, it is possible to preprocess the data, for instance by using an imputer transformer in a pipeline or drop samples with missing values. See https://scikit-learn.org/stable/modules/impute.html You can find a list of all estimators that handle NaN values at the following page: https://scikit-learn.org/stable/modules/impute.html#estimators-that-handle-nan-values"
/Users/edward/Documents/GitHub/als-project/filtered/data/Italian_Parkinsons_Voice_and_speech/28 People with Parkinson's disease/1-5/Roberto R/voiced/VE1rriovbie49M2605161846_OnlyVoiced.wav,"To analyse this Sound, “minimum pitch” must not be less than 1000 Hz.
Sound ""untitled"": pitch analysis not performed."
/Users/edward/Documents/GitHub/als-project/filtered/data/Italian_Parkinsons_Voice_and_speech/28 People with Parkinson's disease/1-5/Roberto R/voiced/VI2rriovbie49M2605161848_OnlyVoiced.wav,"To analyse this Sound, “minimum pitch” must not be less than 1000 Hz.
Sound ""untitled"": pitch analysis not performed."
/Users/edward/Documents/GitHub/als-project/filtered/data/Italian_Parkinsons_Voice_and_speech/28 People with Parkinson's disease/1-5/Roberto R/voiced/VE2rriovbie49M2605161846_OnlyVoiced.wav,"To analyse this Sound, “minimum pitch” must not be less than 1000 Hz.
Sound ""untitled"": pitch analysis not performed."
/Users/edward/Documents/GitHub/als-project/filtered/data/Italian_Parkinsons_Voice_and_speech/28 People with Parkinson's disease/1-5/Roberto R/voiced/VI1rriovbie49M2605161847_OnlyVoiced.wav,"To analyse this Sound, “minimum pitch” must not be less than 1000 Hz.
Sound ""untitled"": pitch analysis not performed."
/Users/edward/Documents/GitHub/als-project/filtered/data/Italian_Parkinsons_Voice_and_speech/28 People with Parkinson's disease/1-5/Lucia R/voiced/VI1rlouscsi77F2605161827_OnlyVoiced.wav,"Input X contains NaN.
PCA does not accept missing values encoded as NaN natively. For supervised learning, you might want to consider sklearn.ensemble.HistGradientBoostingClassifier and Regressor which accept missing values encoded as NaNs natively. Alternatively, it is possible to preprocess the data, for instance by using an imputer transformer in a pipeline or drop samples with missing values. See https://scikit-learn.org/stable/modules/impute.html You can find a list of all estimators that handle NaN values at the following page: https://scikit-learn.org/stable/modules/impute.html#estimators-that-handle-nan-values"
/Users/edward/Documents/GitHub/als-project/filtered/data/Italian_Parkinsons_Voice_and_speech/28 People with Parkinson's disease/1-5/Leonarda L/voiced/VI2lloeroun56F2605161930_OnlyVoiced.wav,"To analyse this Sound, “minimum pitch” must not be less than 1000 Hz.
Sound ""untitled"": pitch analysis not performed."
/Users/edward/Documents/GitHub/als-project/filtered/data/Italian_Parkinsons_Voice_and_speech/28 People with Parkinson's disease/1-5/Leonarda L/voiced/VI1lloeroun56F2605161929_OnlyVoiced.wav,"To analyse this Sound, “minimum pitch” must not be less than 1000 Hz.
Sound ""untitled"": pitch analysis not performed."
/Users/edward/Documents/GitHub/als-project/filtered/data/Italian_Parkinsons_Voice_and_speech/28 People with Parkinson's disease/17-28/Giulia P/voiced/VI2GPIUUGLL63F100220171026_OnlyVoiced.wav,"To analyse this Sound, “minimum pitch” must not be less than 1000 Hz.
Sound ""untitled"": pitch analysis not performed."
/Users/edward/Documents/GitHub/als-project/filtered/data/Italian_Parkinsons_Voice_and_speech/28 People with Parkinson's disease/17-28/Giulia P/voiced/VE2GPIUUGLL63F100220171025_OnlyVoiced.wav,index 0 is out of bounds for axis 0 with size 0
/Users/edward/Documents/GitHub/als-project/filtered/data/Italian_Parkinsons_Voice_and_speech/28 People with Parkinson's disease/17-28/Giulia P/voiced/VI1GPIUUGLL63F100220171025_OnlyVoiced.wav,"To analyse this Sound, “minimum pitch” must not be less than 1000 Hz.
Sound ""untitled"": pitch analysis not performed."
/Users/edward/Documents/GitHub/als-project/filtered/data/Italian_Parkinsons_Voice_and_speech/28 People with Parkinson's disease/17-28/Giovanni M/voiced/VE1GMIAOSVI44M100220170947_OnlyVoiced.wav,"Input X contains NaN.
PCA does not accept missing values encoded as NaN natively. For supervised learning, you might want to consider sklearn.ensemble.HistGradientBoostingClassifier and Regressor which accept missing values encoded as NaNs natively. Alternatively, it is possible to preprocess the data, for instance by using an imputer transformer in a pipeline or drop samples with missing values. See https://scikit-learn.org/stable/modules/impute.html You can find a list of all estimators that handle NaN values at the following page: https://scikit-learn.org/stable/modules/impute.html#estimators-that-handle-nan-values"
/Users/edward/Documents/GitHub/als-project/filtered/data/Italian_Parkinsons_Voice_and_speech/28 People with Parkinson's disease/17-28/Nicola M/voiced/VA2NMIICNOO52M100220171137_OnlyVoiced.wav,"To analyse this Sound, “minimum pitch” must not be less than 1000 Hz.
Sound ""untitled"": pitch analysis not performed."
/Users/edward/Documents/GitHub/als-project/filtered/data/Italian_Parkinsons_Voice_and_speech/28 People with Parkinson's disease/17-28/Nicola M/voiced/VE1NMIICNOO52M100220171138_OnlyVoiced.wav,"To analyse this Sound, “minimum pitch” must not be less than 1000 Hz.
Sound ""untitled"": pitch analysis not performed."
/Users/edward/Documents/GitHub/als-project/filtered/data/Italian_Parkinsons_Voice_and_speech/28 People with Parkinson's disease/17-28/Nicola M/voiced/VA1NMIICNOO52M100220171136_OnlyVoiced.wav,index 0 is out of bounds for axis 0 with size 0
/Users/edward/Documents/GitHub/als-project/filtered/data/Italian_Parkinsons_Voice_and_speech/28 People with Parkinson's disease/17-28/Nicola M/voiced/VE2NMIICNOO52M100220171139_OnlyVoiced.wav,"To analyse this Sound, “minimum pitch” must not be less than 1000 Hz.
Sound ""untitled"": pitch analysis not performed."
/Users/edward/Documents/GitHub/als-project/filtered/data/Italian_Parkinsons_Voice_and_speech/28 People with Parkinson's disease/17-28/Mario B/voiced/VI2MBAUROIN45M100220171010_OnlyVoiced.wav,"To analyse this Sound, “minimum pitch” must not be less than 1000 Hz.
Sound ""untitled"": pitch analysis not performed."
/Users/edward/Documents/GitHub/als-project/filtered/data/Italian_Parkinsons_Voice_and_speech/28 People with Parkinson's disease/17-28/Vito S/voiced/VE2VSIOTLOP47M100220171333_OnlyVoiced.wav,"To analyse this Sound, “minimum pitch” must not be less than 1000 Hz.
Sound ""untitled"": pitch analysis not performed."
/Users/edward/Documents/GitHub/als-project/filtered/data/Italian_Parkinsons_Voice_and_speech/28 People with Parkinson's disease/17-28/Giovanni N/voiced/VI2GNIEOGVL47M100220171219_OnlyVoiced.wav,"To analyse this Sound, “minimum pitch” must not be less than 1000 Hz.
Sound ""untitled"": pitch analysis not performed."
